game_id,fold,scored_plays
2018090600,3,1
2018090900,3,15
2018090901,1,3
2018090902,2,9
2018090903,2,7
2018090905,1,9
2018090906,2,13
2018090907,2,10
2018090909,1,16
2018090910,0,7
2018090912,3,4
2018091000,1,8
2018091001,2,14
2018091300,2,11
2018091600,0,11
2018091601,1,6
2018091602,2,17
2018091603,2,1
2018091604,0,5
2018091605,0,4
2018091606,1,9
2018091607,0,9
2018091608,3,8
2018091609,0,9
2018091610,3,3
2018091611,0,6
2018091612,3,12
2018091613,2,2
2018091700,1,5
2018092000,2,3
2018092300,0,8
2018092301,2,3
2018092302,2,14
2018092303,1,8
2018092304,2,5
2018092305,0,12
2018092306,0,10
2018092307,1,20
2018092308,1,9
2018092309,2,9
2018092310,3,10
2018092311,2,7
2018092312,2,9
2018092313,1,12
2018092400,1,7
2018092700,0,14
2018093000,3,11
2018093001,3,7
2018093003,0,10
2018093004,2,12
2018093005,1,14
2018093006,3,12
2018093007,1,9
2018093008,3,9
2018093009,2,3
2018093010,3,8
2018093011,2,2
2018093012,2,5
2018100100,1,8
2018100400,3,6
2018100700,2,8
2018100701,0,5
2018100702,0,5
2018100703,2,4
2018100704,0,8
2018100705,3,17
2018100706,0,11
2018100707,1,1
2018100708,3,5
2018100709,0,9
2018100710,1,10
2018100711,0,6
2018100712,1,7
2018100800,0,4
2018101100,3,14
2018101400,0,8
2018101401,1,6
2018101402,2,4
2018101403,1,9
2018101404,1,7
2018101405,0,12
2018101406,3,10
2018101407,2,10
2018101408,2,6
2018101409,0,15
2018101410,0,6
2018101411,0,7
2018101500,3,5
2018101800,1,11
2018102100,0,2
2018102101,3,9
2018102102,1,9
2018102103,2,6
2018102104,2,8
2018102105,3,11
2018102106,1,4
2018102107,2,9
2018102108,2,6
2018102109,3,7
2018102110,0,4
2018102111,3,4
2018102200,2,8
2018102500,3,8
2018102800,0,5
2018102801,3,8
2018102802,0,5
2018102803,2,15
2018102804,3,6
2018102805,3,5
2018102806,0,13
2018102808,1,5
2018102809,2,9
2018102810,2,4
2018102811,3,9
2018102900,2,19
2018110100,3,3
2018110400,2,4
2018110401,1,10
2018110402,3,4
2018110403,1,2
2018110404,0,3
2018110405,2,11
2018110406,1,7
2018110407,3,13
2018110408,0,9
2018110409,2,6
2018110410,1,6
2018110500,3,2
2018110800,2,6
2018111100,0,9
2018111101,2,6
2018111102,1,3
2018111103,3,7
2018111104,0,13
2018111105,3,9
2018111106,3,15
2018111107,1,9
2018111109,0,8
2018111110,2,5
2018111111,2,5
2018111200,1,2
2018111500,0,1
2018111800,3,2
2018111801,3,3
2018111802,3,17
2018111803,1,13
2018111804,3,4
2018111805,2,8
2018111806,2,13
2018111807,3,11
2018111808,1,5
2018111809,3,5
2018111810,1,13
2018111900,2,9
2018112200,0,16
2018112201,3,4
2018112202,3,2
2018112500,3,13
2018112501,2,9
2018112502,3,6
2018112503,3,7
2018112504,0,6
2018112505,2,13
2018112506,2,2
2018112507,3,8
2018112508,2,12
2018112509,0,3
2018112510,0,8
2018112600,0,7
2018112900,0,2
2018120200,0,1
2018120201,2,7
2018120202,3,15
2018120203,1,16
2018120204,0,4
2018120205,1,15
2018120206,1,11
2018120207,3,9
2018120208,3,2
2018120209,0,7
2018120210,1,4
2018120211,1,9
2018120212,3,9
2018120213,3,8
2018120300,3,4
2018120600,1,10
2018120900,1,12
2018120901,3,12
2018120902,1,5
2018120903,1,6
2018120904,0,5
2018120905,2,4
2018120906,2,9
2018120907,0,3
2018120908,0,6
2018120909,0,3
2018120910,1,4
2018120911,2,7
2018120912,3,5
2018120913,3,4
2018121000,2,8
2018121300,0,4
2018121500,0,8
2018121501,0,2
2018121600,0,21
2018121601,1,3
2018121602,0,11
2018121603,1,4
2018121604,0,7
2018121605,3,2
2018121606,3,6
2018121607,0,14
2018121608,1,6
2018121609,1,3
2018121610,1,2
2018121611,0,12
2018121700,0,9
2018122200,1,3
2018122201,2,4
2018122300,0,15
2018122302,2,1
2018122304,1,1
2018122305,2,4
2018122306,2,3
2018122307,1,12
2018122308,1,4
2018122309,2,15
2018122310,2,7
2018122311,3,9
2018122312,2,8
2018122313,1,6
2018122314,1,4
2018122400,1,7
2018123001,1,14
2018123002,3,6
2018123003,0,9
2018123004,2,5
2018123005,0,5
2018123006,3,7
2018123007,1,4
2018123008,1,5
2018123009,1,7
2018123010,2,3
2018123011,3,3
2018123012,3,6
2018123013,0,3
2018123014,1,8
2018123015,0,3
