game_play_id,window,score_window
2018090900_1425,49,35
2018090905_3371,54,43
2018091700_1567,41,31
2018092308_673,77,49
2018092310_1392,69,29
2018100704_2516,62,56
2018102101_3524,47,26
2018111107_2781,61,43
2018111500_1167,70,49
2018120208_3144,49,25
2018120213_2682,57,48
2018120903_860,48,38
2018120905_2224,62,48
2018121000_1364,69,53
2018121603_3979,66,54
2018121610_755,65,48
2018122200_1624,48,41
2018123009_1105,62,34
2021091203_3682,58,46
2021091206_2111,77,56
2021091900_571,35,30
2021092603_4138,47,42
2021100305_317,46,41
2021101006_1774,68,53
2021101008_3644,57,28
2021101400_1778,57,40
2021101800_2346,44,36
2021102800_271,66,59
2022091105_772,53,45
2022100202_3594,48,42
2022100913_1578,53,24
2022100913_3060,36,29
2022102700_594,62,42
2023091003_2798,45,40
2023091800_1340,54,40
2023100104_2229,57,48
2023100109_507,45,30
2023100809_3216,74,49
2023102202_1922,43,35
2023102909_553,59,52
2023102911_3613,45,33
2023102912_266,79,53
2023110510_3719,47,34
2023111200_3017,69,60
2023120307_1975,50,36
2023120308_3449,58,43
2023121007_109,63,36
2023121010_2665,67,59
2023121101_3950,51,44
2023121708_288,73,53
2023121709_1777,62,54
2023122405_1048,62,42
2024010706_524,43,33
2024010707_2536,73,41
